﻿<?xml version="1.0" encoding="utf-8"?><DEFECTS><DEFECT>
    <SFA>
      <FILEPATH>c:\users\rosem\onedrive\documents\cwu\sure 19\9-16\fig2.10-11_2018-vs2015\</FILEPATH>
      <FILENAME>glut.h</FILENAME>
      <LINE>140</LINE>
      <COLUMN>28</COLUMN>
    </SFA>
    <DEFECTCODE>28251</DEFECTCODE>
    <DESCRIPTION>Inconsistent annotation for 'exit': this instance has no annotations. See c:\program files (x86)\windows kits\10\include\10.0.10240.0\ucrt\stdlib.h(50). </DESCRIPTION>
    <FUNCTION>exit</FUNCTION>
    <DECORATED>exit</DECORATED>
    <FUNCLINE>140</FUNCLINE>
    <PATH></PATH>
  </DEFECT><DEFECT>
    <SFA>
      <FILEPATH>c:\users\rosem\onedrive\documents\cwu\sure 19\9-16\fig2.10-11_2018-vs2015\</FILEPATH>
      <FILENAME>fig2-10.cpp</FILENAME>
      <LINE>259</LINE>
      <COLUMN>15</COLUMN>
    </SFA>
    <DEFECTCODE>6244</DEFECTCODE>
    <DESCRIPTION>Local declaration of 'x_min' hides previous declaration at line '22' of 'c:\users\rosem\onedrive\documents\cwu\sure 19\9-16\fig2.10-11_2018-vs2015\fig2-10.cpp'.</DESCRIPTION>
    <FUNCTION>computeCode</FUNCTION>
    <DECORATED>?computeCode@@YAHNNHHHH@Z</DECORATED>
    <FUNCLINE>259</FUNCLINE>
    <PATH>
      <SFA>
        <FILEPATH>c:\users\rosem\onedrive\documents\cwu\sure 19\9-16\fig2.10-11_2018-vs2015\</FILEPATH>
        <FILENAME>fig2-10.cpp</FILENAME>
        <LINE>22</LINE>
        <COLUMN>17</COLUMN>
      </SFA>
    </PATH>
  </DEFECT><DEFECT>
    <SFA>
      <FILEPATH>c:\users\rosem\onedrive\documents\cwu\sure 19\9-16\fig2.10-11_2018-vs2015\</FILEPATH>
      <FILENAME>fig2-10.cpp</FILENAME>
      <LINE>278</LINE>
      <COLUMN>24</COLUMN>
    </SFA>
    <DEFECTCODE>6244</DEFECTCODE>
    <DESCRIPTION>Local declaration of 'x_min' hides previous declaration at line '22' of 'c:\users\rosem\onedrive\documents\cwu\sure 19\9-16\fig2.10-11_2018-vs2015\fig2-10.cpp'.</DESCRIPTION>
    <FUNCTION>cohenSutherlandClip</FUNCTION>
    <DECORATED>?cohenSutherlandClip@@YA_NNNNNHHHH@Z</DECORATED>
    <FUNCLINE>278</FUNCLINE>
    <PATH>
      <SFA>
        <FILEPATH>c:\users\rosem\onedrive\documents\cwu\sure 19\9-16\fig2.10-11_2018-vs2015\</FILEPATH>
        <FILENAME>fig2-10.cpp</FILENAME>
        <LINE>22</LINE>
        <COLUMN>17</COLUMN>
      </SFA>
    </PATH>
  </DEFECT><DEFECT>
    <SFA>
      <FILEPATH>c:\users\rosem\onedrive\documents\cwu\sure 19\9-16\fig2.10-11_2018-vs2015\</FILEPATH>
      <FILENAME>fig2-10.cpp</FILENAME>
      <LINE>349</LINE>
      <COLUMN>7</COLUMN>
    </SFA>
    <DEFECTCODE>6001</DEFECTCODE>
    <DESCRIPTION>Using uninitialized memory 'x'.</DESCRIPTION>
    <FUNCTION>cohenSutherlandClip</FUNCTION>
    <DECORATED>?cohenSutherlandClip@@YA_NNNNNHHHH@Z</DECORATED>
    <FUNCLINE>278</FUNCLINE>
    <PROBABILITY>1</PROBABILITY>
    <RANK>3</RANK>
    <CATEGORY>
      <RULECATEGORY>mspft</RULECATEGORY>
    </CATEGORY>
    <PATH>
      <SFA>
        <FILEPATH>c:\users\rosem\onedrive\documents\cwu\sure 19\9-16\fig2.10-11_2018-vs2015\</FILEPATH>
        <FILENAME>fig2-10.cpp</FILENAME>
        <LINE>282</LINE>
        <COLUMN>5</COLUMN>
      </SFA>
      <SFA>
        <FILEPATH>c:\users\rosem\onedrive\documents\cwu\sure 19\9-16\fig2.10-11_2018-vs2015\</FILEPATH>
        <FILENAME>fig2-10.cpp</FILENAME>
        <LINE>283</LINE>
        <COLUMN>5</COLUMN>
      </SFA>
      <SFA>
        <FILEPATH>c:\users\rosem\onedrive\documents\cwu\sure 19\9-16\fig2.10-11_2018-vs2015\</FILEPATH>
        <FILENAME>fig2-10.cpp</FILENAME>
        <LINE>286</LINE>
        <COLUMN>6</COLUMN>
      </SFA>
      <SFA>
        <FILEPATH>c:\users\rosem\onedrive\documents\cwu\sure 19\9-16\fig2.10-11_2018-vs2015\</FILEPATH>
        <FILENAME>fig2-10.cpp</FILENAME>
        <LINE>288</LINE>
        <COLUMN>8</COLUMN>
      </SFA>
      <SFA>
        <FILEPATH>c:\users\rosem\onedrive\documents\cwu\sure 19\9-16\fig2.10-11_2018-vs2015\</FILEPATH>
        <FILENAME>fig2-10.cpp</FILENAME>
        <LINE>290</LINE>
        <COLUMN>19</COLUMN>
      </SFA>
      <SFA>
        <FILEPATH>c:\users\rosem\onedrive\documents\cwu\sure 19\9-16\fig2.10-11_2018-vs2015\</FILEPATH>
        <FILENAME>fig2-10.cpp</FILENAME>
        <LINE>296</LINE>
        <COLUMN>17</COLUMN>
      </SFA>
      <SFA>
        <FILEPATH>c:\users\rosem\onedrive\documents\cwu\sure 19\9-16\fig2.10-11_2018-vs2015\</FILEPATH>
        <FILENAME>fig2-10.cpp</FILENAME>
        <LINE>306</LINE>
        <COLUMN>7</COLUMN>
      </SFA>
      <SFA>
        <FILEPATH>c:\users\rosem\onedrive\documents\cwu\sure 19\9-16\fig2.10-11_2018-vs2015\</FILEPATH>
        <FILENAME>fig2-10.cpp</FILENAME>
        <LINE>307</LINE>
        <COLUMN>10</COLUMN>
        <KEYEVENT>
          <ID>1</ID>
          <KIND>declaration</KIND>
          <IMPORTANCE>Essential</IMPORTANCE>
          <MESSAGE>'x' is not initialized</MESSAGE>
        </KEYEVENT>
      </SFA>
      <SFA>
        <FILEPATH>c:\users\rosem\onedrive\documents\cwu\sure 19\9-16\fig2.10-11_2018-vs2015\</FILEPATH>
        <FILENAME>fig2-10.cpp</FILENAME>
        <LINE>307</LINE>
        <COLUMN>13</COLUMN>
      </SFA>
      <SFA>
        <FILEPATH>c:\users\rosem\onedrive\documents\cwu\sure 19\9-16\fig2.10-11_2018-vs2015\</FILEPATH>
        <FILENAME>fig2-10.cpp</FILENAME>
        <LINE>311</LINE>
        <COLUMN>13</COLUMN>
        <KEYEVENT>
          <ID>2</ID>
          <KIND>branch</KIND>
          <IMPORTANCE>Full</IMPORTANCE>
          <MESSAGE>Enter this branch, (assume 'code1!=0')</MESSAGE>
        </KEYEVENT>
      </SFA>
      <SFA>
        <FILEPATH>c:\users\rosem\onedrive\documents\cwu\sure 19\9-16\fig2.10-11_2018-vs2015\</FILEPATH>
        <FILENAME>fig2-10.cpp</FILENAME>
        <LINE>312</LINE>
        <COLUMN>13</COLUMN>
      </SFA>
      <SFA>
        <FILEPATH>c:\users\rosem\onedrive\documents\cwu\sure 19\9-16\fig2.10-11_2018-vs2015\</FILEPATH>
        <FILENAME>fig2-10.cpp</FILENAME>
        <LINE>319</LINE>
        <COLUMN>16</COLUMN>
        <KEYEVENT>
          <ID>3</ID>
          <KIND>branch</KIND>
          <IMPORTANCE>Full</IMPORTANCE>
          <MESSAGE>Skip this branch, (assume 'code_out' is false)</MESSAGE>
        </KEYEVENT>
      </SFA>
      <SFA>
        <FILEPATH>c:\users\rosem\onedrive\documents\cwu\sure 19\9-16\fig2.10-11_2018-vs2015\</FILEPATH>
        <FILENAME>fig2-10.cpp</FILENAME>
        <LINE>325</LINE>
        <COLUMN>21</COLUMN>
        <KEYEVENT>
          <ID>4</ID>
          <KIND>branch</KIND>
          <IMPORTANCE>Full</IMPORTANCE>
          <MESSAGE>Skip this branch, (assume 'code_out' is false)</MESSAGE>
        </KEYEVENT>
      </SFA>
      <SFA>
        <FILEPATH>c:\users\rosem\onedrive\documents\cwu\sure 19\9-16\fig2.10-11_2018-vs2015\</FILEPATH>
        <FILENAME>fig2-10.cpp</FILENAME>
        <LINE>331</LINE>
        <COLUMN>21</COLUMN>
        <KEYEVENT>
          <ID>5</ID>
          <KIND>branch</KIND>
          <IMPORTANCE>Full</IMPORTANCE>
          <MESSAGE>Skip this branch, (assume 'code_out' is false)</MESSAGE>
        </KEYEVENT>
      </SFA>
      <SFA>
        <FILEPATH>c:\users\rosem\onedrive\documents\cwu\sure 19\9-16\fig2.10-11_2018-vs2015\</FILEPATH>
        <FILENAME>fig2-10.cpp</FILENAME>
        <LINE>337</LINE>
        <COLUMN>21</COLUMN>
        <KEYEVENT>
          <ID>6</ID>
          <KIND>branch</KIND>
          <IMPORTANCE>Full</IMPORTANCE>
          <MESSAGE>Skip this branch, (assume 'code_out' is false)</MESSAGE>
        </KEYEVENT>
      </SFA>
      <SFA>
        <FILEPATH>c:\users\rosem\onedrive\documents\cwu\sure 19\9-16\fig2.10-11_2018-vs2015\</FILEPATH>
        <FILENAME>fig2-10.cpp</FILENAME>
        <LINE>347</LINE>
        <COLUMN>16</COLUMN>
        <KEYEVENT>
          <ID>7</ID>
          <KIND>branch</KIND>
          <IMPORTANCE>Full</IMPORTANCE>
          <MESSAGE>Enter this branch, (assume 'code_out==code1')</MESSAGE>
        </KEYEVENT>
      </SFA>
      <SFA>
        <FILEPATH>c:\users\rosem\onedrive\documents\cwu\sure 19\9-16\fig2.10-11_2018-vs2015\</FILEPATH>
        <FILENAME>fig2-10.cpp</FILENAME>
        <LINE>349</LINE>
        <COLUMN>7</COLUMN>
        <KEYEVENT>
          <ID>8</ID>
          <KIND>usage</KIND>
          <IMPORTANCE>Essential</IMPORTANCE>
          <MESSAGE>'x' is used, but may not have been initialized</MESSAGE>
        </KEYEVENT>
      </SFA>
    </PATH>
  </DEFECT><DEFECT>
    <SFA>
      <FILEPATH>c:\users\rosem\onedrive\documents\cwu\sure 19\9-16\fig2.10-11_2018-vs2015\</FILEPATH>
      <FILENAME>fig2-10.cpp</FILENAME>
      <LINE>350</LINE>
      <COLUMN>7</COLUMN>
    </SFA>
    <DEFECTCODE>6001</DEFECTCODE>
    <DESCRIPTION>Using uninitialized memory 'y'.</DESCRIPTION>
    <FUNCTION>cohenSutherlandClip</FUNCTION>
    <DECORATED>?cohenSutherlandClip@@YA_NNNNNHHHH@Z</DECORATED>
    <FUNCLINE>278</FUNCLINE>
    <PROBABILITY>1</PROBABILITY>
    <RANK>3</RANK>
    <CATEGORY>
      <RULECATEGORY>mspft</RULECATEGORY>
    </CATEGORY>
    <PATH>
      <SFA>
        <FILEPATH>c:\users\rosem\onedrive\documents\cwu\sure 19\9-16\fig2.10-11_2018-vs2015\</FILEPATH>
        <FILENAME>fig2-10.cpp</FILENAME>
        <LINE>282</LINE>
        <COLUMN>5</COLUMN>
      </SFA>
      <SFA>
        <FILEPATH>c:\users\rosem\onedrive\documents\cwu\sure 19\9-16\fig2.10-11_2018-vs2015\</FILEPATH>
        <FILENAME>fig2-10.cpp</FILENAME>
        <LINE>283</LINE>
        <COLUMN>5</COLUMN>
      </SFA>
      <SFA>
        <FILEPATH>c:\users\rosem\onedrive\documents\cwu\sure 19\9-16\fig2.10-11_2018-vs2015\</FILEPATH>
        <FILENAME>fig2-10.cpp</FILENAME>
        <LINE>286</LINE>
        <COLUMN>6</COLUMN>
      </SFA>
      <SFA>
        <FILEPATH>c:\users\rosem\onedrive\documents\cwu\sure 19\9-16\fig2.10-11_2018-vs2015\</FILEPATH>
        <FILENAME>fig2-10.cpp</FILENAME>
        <LINE>288</LINE>
        <COLUMN>8</COLUMN>
      </SFA>
      <SFA>
        <FILEPATH>c:\users\rosem\onedrive\documents\cwu\sure 19\9-16\fig2.10-11_2018-vs2015\</FILEPATH>
        <FILENAME>fig2-10.cpp</FILENAME>
        <LINE>290</LINE>
        <COLUMN>19</COLUMN>
      </SFA>
      <SFA>
        <FILEPATH>c:\users\rosem\onedrive\documents\cwu\sure 19\9-16\fig2.10-11_2018-vs2015\</FILEPATH>
        <FILENAME>fig2-10.cpp</FILENAME>
        <LINE>296</LINE>
        <COLUMN>17</COLUMN>
      </SFA>
      <SFA>
        <FILEPATH>c:\users\rosem\onedrive\documents\cwu\sure 19\9-16\fig2.10-11_2018-vs2015\</FILEPATH>
        <FILENAME>fig2-10.cpp</FILENAME>
        <LINE>306</LINE>
        <COLUMN>7</COLUMN>
      </SFA>
      <SFA>
        <FILEPATH>c:\users\rosem\onedrive\documents\cwu\sure 19\9-16\fig2.10-11_2018-vs2015\</FILEPATH>
        <FILENAME>fig2-10.cpp</FILENAME>
        <LINE>307</LINE>
        <COLUMN>10</COLUMN>
      </SFA>
      <SFA>
        <FILEPATH>c:\users\rosem\onedrive\documents\cwu\sure 19\9-16\fig2.10-11_2018-vs2015\</FILEPATH>
        <FILENAME>fig2-10.cpp</FILENAME>
        <LINE>307</LINE>
        <COLUMN>13</COLUMN>
        <KEYEVENT>
          <ID>1</ID>
          <KIND>declaration</KIND>
          <IMPORTANCE>Essential</IMPORTANCE>
          <MESSAGE>'y' is not initialized</MESSAGE>
        </KEYEVENT>
      </SFA>
      <SFA>
        <FILEPATH>c:\users\rosem\onedrive\documents\cwu\sure 19\9-16\fig2.10-11_2018-vs2015\</FILEPATH>
        <FILENAME>fig2-10.cpp</FILENAME>
        <LINE>311</LINE>
        <COLUMN>13</COLUMN>
        <KEYEVENT>
          <ID>2</ID>
          <KIND>branch</KIND>
          <IMPORTANCE>Full</IMPORTANCE>
          <MESSAGE>Enter this branch, (assume 'code1!=0')</MESSAGE>
        </KEYEVENT>
      </SFA>
      <SFA>
        <FILEPATH>c:\users\rosem\onedrive\documents\cwu\sure 19\9-16\fig2.10-11_2018-vs2015\</FILEPATH>
        <FILENAME>fig2-10.cpp</FILENAME>
        <LINE>312</LINE>
        <COLUMN>13</COLUMN>
      </SFA>
      <SFA>
        <FILEPATH>c:\users\rosem\onedrive\documents\cwu\sure 19\9-16\fig2.10-11_2018-vs2015\</FILEPATH>
        <FILENAME>fig2-10.cpp</FILENAME>
        <LINE>319</LINE>
        <COLUMN>16</COLUMN>
        <KEYEVENT>
          <ID>3</ID>
          <KIND>branch</KIND>
          <IMPORTANCE>Full</IMPORTANCE>
          <MESSAGE>Skip this branch, (assume 'code_out' is false)</MESSAGE>
        </KEYEVENT>
      </SFA>
      <SFA>
        <FILEPATH>c:\users\rosem\onedrive\documents\cwu\sure 19\9-16\fig2.10-11_2018-vs2015\</FILEPATH>
        <FILENAME>fig2-10.cpp</FILENAME>
        <LINE>325</LINE>
        <COLUMN>21</COLUMN>
        <KEYEVENT>
          <ID>4</ID>
          <KIND>branch</KIND>
          <IMPORTANCE>Full</IMPORTANCE>
          <MESSAGE>Skip this branch, (assume 'code_out' is false)</MESSAGE>
        </KEYEVENT>
      </SFA>
      <SFA>
        <FILEPATH>c:\users\rosem\onedrive\documents\cwu\sure 19\9-16\fig2.10-11_2018-vs2015\</FILEPATH>
        <FILENAME>fig2-10.cpp</FILENAME>
        <LINE>331</LINE>
        <COLUMN>21</COLUMN>
        <KEYEVENT>
          <ID>5</ID>
          <KIND>branch</KIND>
          <IMPORTANCE>Full</IMPORTANCE>
          <MESSAGE>Skip this branch, (assume 'code_out' is false)</MESSAGE>
        </KEYEVENT>
      </SFA>
      <SFA>
        <FILEPATH>c:\users\rosem\onedrive\documents\cwu\sure 19\9-16\fig2.10-11_2018-vs2015\</FILEPATH>
        <FILENAME>fig2-10.cpp</FILENAME>
        <LINE>337</LINE>
        <COLUMN>21</COLUMN>
        <KEYEVENT>
          <ID>6</ID>
          <KIND>branch</KIND>
          <IMPORTANCE>Full</IMPORTANCE>
          <MESSAGE>Skip this branch, (assume 'code_out' is false)</MESSAGE>
        </KEYEVENT>
      </SFA>
      <SFA>
        <FILEPATH>c:\users\rosem\onedrive\documents\cwu\sure 19\9-16\fig2.10-11_2018-vs2015\</FILEPATH>
        <FILENAME>fig2-10.cpp</FILENAME>
        <LINE>347</LINE>
        <COLUMN>16</COLUMN>
        <KEYEVENT>
          <ID>7</ID>
          <KIND>branch</KIND>
          <IMPORTANCE>Full</IMPORTANCE>
          <MESSAGE>Enter this branch, (assume 'code_out==code1')</MESSAGE>
        </KEYEVENT>
      </SFA>
      <SFA>
        <FILEPATH>c:\users\rosem\onedrive\documents\cwu\sure 19\9-16\fig2.10-11_2018-vs2015\</FILEPATH>
        <FILENAME>fig2-10.cpp</FILENAME>
        <LINE>349</LINE>
        <COLUMN>7</COLUMN>
      </SFA>
      <SFA>
        <FILEPATH>c:\users\rosem\onedrive\documents\cwu\sure 19\9-16\fig2.10-11_2018-vs2015\</FILEPATH>
        <FILENAME>fig2-10.cpp</FILENAME>
        <LINE>350</LINE>
        <COLUMN>7</COLUMN>
        <KEYEVENT>
          <ID>8</ID>
          <KIND>usage</KIND>
          <IMPORTANCE>Essential</IMPORTANCE>
          <MESSAGE>'y' is used, but may not have been initialized</MESSAGE>
        </KEYEVENT>
      </SFA>
    </PATH>
  </DEFECT><DEFECT>
    <SFA>
      <FILEPATH>c:\users\rosem\onedrive\documents\cwu\sure 19\9-16\fig2.10-11_2018-vs2015\</FILEPATH>
      <FILENAME>fig2-10.cpp</FILENAME>
      <LINE>1181</LINE>
      <COLUMN>7</COLUMN>
    </SFA>
    <DEFECTCODE>6246</DEFECTCODE>
    <DESCRIPTION>Local declaration of 'sec' hides declaration of the same name in outer scope. For additional information, see previous declaration at line '1126' of 'c:\users\rosem\onedrive\documents\cwu\sure 19\9-16\fig2.10-11_2018-vs2015\fig2-10.cpp'.</DESCRIPTION>
    <FUNCTION>myKeyboard</FUNCTION>
    <DECORATED>?myKeyboard@@YAXEHH@Z</DECORATED>
    <FUNCLINE>1118</FUNCLINE>
    <PATH>
      <SFA>
        <FILEPATH>c:\users\rosem\onedrive\documents\cwu\sure 19\9-16\fig2.10-11_2018-vs2015\</FILEPATH>
        <FILENAME>fig2-10.cpp</FILENAME>
        <LINE>1126</LINE>
        <COLUMN>9</COLUMN>
      </SFA>
    </PATH>
  </DEFECT></DEFECTS>